personid,deviceid,zoneid,gymid,entrytime
790,788,2,387,2024-11-05 05:53:40
686,1103,4,234,2024-10-23 23:00:48
81,505,10,355,2024-04-26 03:15:26
290,1162,5,373,2024-12-31 04:09:32
124,367,1,14,2024-12-03 03:21:10
67,167,3,170,2024-07-07 02:47:13
250,998,4,320,2024-04-25 23:09:08
598,1042,9,299,2024-07-18 20:33:08
83,1266,1,384,2024-06-04 11:18:29
392,82,4,292,2024-11-24 15:22:48
274,1223,6,335,2025-04-01 13:18:24
74,290,8,184,2024-07-10 22:27:16
145,370,9,39,2024-05-05 22:10:43
124,845,3,257,2024-09-19 10:02:44
202,721,2,314,2024-09-27 09:47:56
139,1007,6,378,2024-05-22 18:39:11
6,545,7,198,2024-12-25 09:51:54
6,1367,4,223,2025-03-15 13:23:20
120,559,10,150,2024-06-19 13:41:39
537,1441,7,52,2024-12-20 13:44:14
276,428,6,379,2024-06-08 21:52:49
36,515,6,363,2024-05-19 10:20:37
501,98,1,242,2024-04-12 02:25:55
147,221,5,224,2025-02-20 13:52:31
578,619,10,27,2025-01-12 14:05:11
203,330,7,92,2025-02-10 22:14:21
245,158,3,211,2024-04-29 09:22:15
32,815,8,328,2024-08-02 00:04:39
119,928,6,203,2024-09-15 06:31:08
199,488,4,146,2025-03-28 13:34:57
118,598,1,197,2025-02-26 10:14:35
276,578,7,312,2024-07-22 08:24:51
363,738,5,100,2024-11-21 23:35:44
236,864,8,283,2025-03-15 20:15:02
141,322,8,313,2024-05-20 13:01:58
370,68,2,90,2025-02-07 05:56:49
128,1189,2,186,2024-10-01 14:29:40
788,972,8,72,2024-09-18 02:15:39
284,1224,6,335,2024-12-11 11:16:40
155,89,5,44,2024-11-14 23:59:25
573,212,10,50,2024-10-13 05:08:00
550,1205,9,116,2024-12-11 15:45:12
247,900,5,32,2024-08-01 07:27:01
98,1412,8,377,2024-05-21 14:52:32
223,265,3,253,2025-02-17 11:12:52
161,1236,10,347,2024-12-26 05:35:28
224,1097,4,86,2025-03-15 15:56:54
772,1451,7,336,2024-07-21 22:10:28
10,54,2,209,2024-06-16 00:37:06
469,267,3,17,2024-10-06 15:20:55
60,505,10,355,2024-08-12 00:31:13
156,884,5,212,2024-12-28 23:36:49
203,1381,7,279,2025-04-02 15:01:59
208,176,2,51,2024-04-17 10:36:31
242,489,4,101,2024-06-30 05:35:53
8,1059,9,122,2024-07-29 19:16:34
125,39,2,397,2025-02-20 12:32:54
223,449,7,347,2024-07-02 22:14:54
718,354,6,297,2024-10-29 00:51:29
2,1022,10,37,2024-08-22 09:42:31
268,580,9,41,2024-07-11 12:26:29
46,1385,10,122,2024-05-30 18:27:27
207,340,8,380,2024-05-21 05:41:49
485,1203,9,116,2024-06-06 23:45:44
670,8,5,250,2025-01-02 21:24:30
462,1001,3,238,2025-03-20 23:54:51
155,991,1,320,2024-12-08 21:58:49
14,1438,1,184,2024-11-05 02:49:19
585,251,1,257,2024-09-29 13:01:36
331,569,6,163,2025-01-23 14:59:49
343,335,6,1,2024-08-28 14:17:45
233,989,9,264,2024-07-03 11:06:00
67,309,6,352,2024-10-24 17:22:05
522,7,5,250,2024-05-03 08:02:31
196,1018,6,21,2024-05-04 13:05:03
393,150,1,19,2024-06-20 21:02:01
80,924,7,77,2025-03-06 05:14:33
317,1092,9,241,2024-11-18 01:52:50
709,1315,10,373,2025-01-23 13:26:24
359,602,2,204,2024-05-31 22:08:51
663,841,10,41,2024-08-06 01:44:29
711,1149,6,330,2024-05-17 14:55:49
625,533,5,312,2024-04-15 07:37:07
376,1080,1,70,2024-09-25 01:36:32
261,1387,10,122,2024-07-22 00:40:14
650,612,1,228,2024-10-19 12:44:48
227,364,6,76,2024-07-26 10:44:12
232,949,3,386,2024-05-30 19:18:20
109,202,4,49,2024-10-10 10:44:20
385,598,1,197,2024-05-25 11:10:47
354,405,2,361,2024-07-30 10:15:50
569,1282,9,284,2024-07-09 02:07:35
371,323,8,386,2025-02-15 12:21:26
64,1327,7,382,2024-10-08 09:11:11
332,287,1,16,2025-01-08 18:30:30
492,763,8,287,2025-02-22 20:01:22
537,839,10,41,2024-12-16 15:33:01
713,311,5,339,2024-04-21 10:39:21
17,1258,8,23,2024-10-29 05:30:55
441,1325,3,142,2024-04-03 02:18:12
672,1272,5,164,2024-07-25 11:52:44
799,72,8,394,2024-10-09 07:26:23
91,668,8,271,2024-04-05 02:15:37
553,264,3,253,2024-12-30 22:43:35
27,1444,3,43,2024-10-30 08:12:47
99,463,9,60,2025-01-16 15:09:18
70,1459,2,216,2025-01-17 14:04:56
210,1435,5,146,2024-11-16 09:59:44
569,93,5,340,2025-03-06 04:04:48
704,896,7,96,2024-06-30 23:25:26
285,1075,9,170,2025-01-08 02:10:52
155,535,5,312,2024-04-03 02:33:58
125,933,9,117,2024-05-11 00:04:35
475,287,1,16,2024-09-04 06:39:43
134,71,8,394,2024-11-01 07:43:35
604,1332,6,348,2024-09-11 03:45:47
58,1458,2,216,2025-01-30 13:15:02
51,443,4,288,2024-12-27 09:35:19
92,535,5,312,2024-11-02 13:24:25
44,856,2,206,2024-09-25 10:55:02
547,1061,9,122,2024-04-22 14:35:55
235,916,7,371,2024-07-21 07:44:16
162,684,4,238,2024-05-23 17:34:57
83,1343,3,337,2024-06-01 00:09:54
427,18,8,194,2024-04-09 05:29:10
620,1245,3,98,2024-08-02 09:31:44
266,801,7,375,2024-11-04 00:46:12
81,1163,7,391,2025-01-03 12:08:21
353,1411,8,377,2024-12-28 10:17:43
13,860,3,178,2024-11-15 18:36:31
736,845,3,257,2025-01-21 11:57:25
490,659,8,157,2025-02-06 04:51:17
689,253,7,165,2024-06-20 06:56:18
223,136,2,32,2024-04-04 04:14:20
334,434,10,329,2025-02-16 02:21:04
263,74,6,32,2024-07-04 00:40:15
257,1042,9,299,2024-11-27 20:58:01
127,474,5,144,2024-07-17 06:08:09
629,1002,9,266,2025-03-21 18:09:25
666,406,2,361,2024-11-07 18:50:56
231,12,4,284,2024-10-11 12:44:37
127,1097,4,86,2024-07-11 11:14:52
683,313,6,155,2024-08-14 09:27:12
629,115,7,144,2025-02-05 01:33:56
127,1302,2,87,2024-07-26 09:31:37
789,1181,8,388,2024-09-19 11:19:53
651,301,9,209,2024-06-17 20:01:31
175,1437,1,184,2025-02-27 21:07:40
208,157,3,211,2025-02-17 11:31:58
783,89,5,44,2024-10-22 21:19:55
137,125,10,166,2024-04-30 12:21:40
457,1291,5,394,2025-04-01 17:51:08
127,462,9,60,2024-04-16 20:44:57
61,115,7,144,2024-06-02 10:48:49
561,727,5,148,2024-09-04 20:33:33
258,965,3,398,2024-10-14 02:47:52
760,520,7,186,2025-01-18 15:16:11
396,649,6,393,2024-05-15 02:08:52
275,674,2,232,2025-02-03 10:56:03
64,1023,10,37,2024-11-22 21:01:41
446,1038,7,327,2024-05-21 07:09:49
170,649,6,393,2025-03-26 13:50:55
51,1016,6,21,2024-12-28 19:04:13
553,1199,2,185,2024-08-26 09:27:08
312,290,8,184,2025-03-16 05:30:13
161,1323,8,193,2024-10-27 05:00:53
116,313,6,155,2025-01-17 18:16:21
125,918,9,37,2024-07-22 06:12:46
105,1334,9,175,2024-10-04 08:42:24
118,610,5,41,2024-07-16 07:36:10
28,566,7,43,2025-01-20 04:19:30
9,1036,8,36,2024-08-05 10:20:36
80,1039,10,131,2025-03-07 13:02:45
286,1314,10,373,2025-01-06 14:53:15
14,915,7,371,2024-05-17 10:18:32
342,1268,7,265,2024-06-03 14:53:01
408,656,2,132,2024-08-17 21:30:25
261,125,10,166,2024-09-05 05:50:23
59,320,8,313,2024-11-03 20:43:54
108,802,4,188,2024-06-24 08:04:59
286,911,10,143,2024-08-11 03:24:46
152,209,4,62,2024-06-28 15:37:34
193,502,10,16,2025-03-16 02:58:22
11,818,8,78,2024-08-26 18:40:52
201,720,2,314,2024-08-04 16:28:46
292,60,6,288,2024-11-15 01:34:21
300,1090,3,37,2024-05-09 17:29:28
715,463,9,60,2024-09-08 13:07:32
297,802,4,188,2024-12-28 11:01:25
82,1004,9,266,2024-12-11 04:26:18
72,1297,6,240,2025-03-19 10:52:23
650,442,4,288,2025-01-11 11:52:26
791,406,2,361,2025-02-26 12:14:38
48,738,5,100,2025-03-19 14:47:15
15,626,5,254,2025-03-23 01:41:27
220,1308,4,14,2025-03-22 10:47:23
517,739,5,100,2024-12-27 12:46:21
366,1300,4,168,2024-12-10 08:36:10
469,826,4,399,2025-02-20 20:41:43
167,994,6,383,2024-09-29 18:03:56
214,840,10,41,2025-02-26 13:13:28
716,781,3,148,2024-07-25 22:17:21
389,1419,6,184,2024-05-15 20:48:59
140,1043,9,299,2024-06-14 15:14:39
667,1369,4,321,2024-09-08 11:16:13
411,1477,2,354,2024-07-08 15:20:26
699,343,5,35,2024-11-02 03:11:43
786,800,7,375,2024-09-19 01:49:21
23,567,2,171,2024-11-26 21:31:34
757,984,10,100,2024-05-27 14:34:29
122,325,7,346,2025-03-11 13:24:11
371,695,2,168,2024-07-13 18:32:11
28,142,5,379,2024-07-20 04:48:43
91,1043,9,299,2024-08-27 13:46:45
112,1036,8,36,2024-10-31 06:46:53
360,403,9,90,2024-11-12 18:16:23
239,740,5,100,2025-02-07 16:20:55
322,227,2,134,2024-05-16 18:21:46
28,1084,4,237,2024-04-16 04:41:36
282,1343,3,337,2024-12-07 05:10:44
251,729,4,53,2024-05-29 05:16:59
54,1136,9,372,2024-07-02 08:22:28
320,103,8,178,2024-07-18 11:36:55
321,210,10,50,2024-12-10 15:25:58
690,1462,6,176,2024-09-16 05:27:36
138,144,5,379,2024-07-28 15:58:10
571,990,9,264,2025-02-06 14:54:03
329,373,7,293,2024-04-20 21:22:27
190,276,2,14,2024-09-02 23:01:17
358,1330,6,348,2024-04-04 08:19:02
66,834,9,327,2024-11-07 03:12:09
190,787,2,387,2024-08-08 05:23:44
8,1407,8,92,2024-12-16 11:42:31
53,583,2,338,2024-04-24 05:03:17
270,308,6,352,2024-04-03 06:08:40
52,1185,2,178,2024-12-25 04:42:54
109,478,4,163,2024-04-19 09:25:45
305,645,8,297,2025-01-19 10:53:02
82,678,6,202,2024-05-20 20:27:20
285,1283,9,284,2024-11-12 05:43:08
398,9,5,186,2025-03-22 20:03:25
375,666,8,271,2024-12-11 16:47:50
65,1016,6,21,2024-09-13 12:25:15
258,720,2,314,2024-10-27 04:43:33
246,1031,7,366,2025-02-16 23:30:18
375,1073,9,170,2025-02-17 07:05:45
222,1154,2,101,2025-03-06 07:49:16
160,1052,3,379,2025-01-18 05:21:37
658,902,1,307,2024-10-01 15:15:27
281,1128,10,356,2024-07-06 18:23:21
505,744,5,105,2024-12-11 23:41:28
306,572,1,270,2024-12-29 18:30:48
250,584,3,384,2024-10-20 10:05:56
288,1467,3,328,2024-05-21 08:20:22
349,398,5,90,2024-08-07 16:30:42
472,633,8,228,2024-09-03 02:57:36
153,328,5,279,2024-08-29 19:56:52
707,641,4,259,2024-04-08 08:38:00
644,49,5,288,2024-08-20 03:37:11
487,1335,9,175,2024-10-06 01:23:07
275,111,6,397,2024-06-27 23:59:59
45,785,5,86,2024-11-23 00:06:40
747,397,6,340,2025-01-02 08:47:04
538,686,4,170,2024-05-23 04:09:54
19,1320,8,384,2025-02-12 02:00:27
792,1168,1,264,2025-03-15 09:56:34
333,959,7,351,2024-06-21 12:41:50
274,7,5,250,2025-01-17 09:11:19
504,436,10,329,2025-03-10 14:40:49
108,695,2,168,2024-09-11 13:40:13
387,777,6,300,2025-02-09 19:53:47
83,1117,2,317,2025-02-15 12:12:16
373,1255,8,382,2025-02-24 00:33:31
34,751,7,171,2024-11-03 02:23:27
342,1082,4,237,2024-11-30 05:54:39
189,467,5,189,2025-02-06 23:05:47
218,239,10,299,2025-03-16 04:32:01
64,1398,1,249,2024-05-23 20:38:45
347,281,8,350,2024-04-07 15:09:58
295,291,8,184,2024-12-31 13:08:37
368,340,8,380,2024-08-27 08:51:52
720,1249,9,10,2024-09-18 08:09:11
365,163,1,158,2024-05-04 08:42:57
641,1101,7,51,2025-02-11 12:15:43
354,657,8,157,2024-09-04 20:54:34
281,1467,3,328,2024-09-22 13:31:29
398,677,3,24,2025-02-12 11:41:21
41,546,7,198,2024-09-15 05:03:31
113,191,8,169,2024-08-14 06:44:21
560,683,10,321,2024-10-20 23:36:11
366,1055,3,177,2024-04-02 15:57:35
539,1110,8,115,2024-10-06 23:54:32
383,1480,10,68,2024-05-10 12:52:22
616,1017,6,21,2025-02-10 07:20:54
151,447,3,171,2025-03-15 06:48:05
786,1060,9,122,2024-11-11 22:12:20
245,589,10,312,2024-12-09 10:23:31
338,695,2,168,2024-11-08 18:26:10
101,836,8,322,2024-08-11 16:05:09
479,163,1,158,2025-02-08 16:18:23
161,614,9,156,2024-05-02 04:30:06
197,1049,1,49,2024-08-06 21:09:46
393,1033,6,271,2025-01-06 09:06:54
66,415,8,6,2024-04-21 04:02:15
279,1423,6,389,2025-02-22 14:04:55
41,1195,10,202,2025-02-04 16:42:53
753,415,8,6,2024-07-26 22:01:35
273,124,6,384,2024-06-11 08:01:42
308,205,2,107,2024-07-21 05:51:33
657,1122,3,215,2024-04-04 06:09:01
798,629,3,298,2025-02-25 04:02:08
653,17,8,105,2025-01-30 03:36:00
397,968,7,378,2025-03-03 11:02:53
585,830,3,192,2024-08-16 17:27:03
454,1341,2,6,2025-02-27 20:10:44
295,550,8,81,2024-09-18 11:11:05
331,421,5,95,2025-02-01 19:57:44
473,212,10,50,2024-12-06 07:08:35
714,984,10,100,2024-10-06 10:24:27
7,804,10,240,2024-05-09 00:24:26
261,620,10,27,2024-04-24 06:16:34
556,556,4,338,2024-10-26 22:44:44
103,667,8,271,2024-10-06 09:09:51
100,528,8,378,2024-08-30 12:56:58
33,1287,7,399,2025-01-13 05:24:59
165,190,8,169,2024-12-09 20:59:50
778,311,5,339,2024-05-06 04:26:31
277,874,4,257,2024-07-24 11:03:33
66,1071,6,272,2025-01-17 15:01:57
564,1290,5,394,2024-08-23 15:47:47
693,109,1,33,2025-03-29 01:53:55
364,431,7,231,2025-01-27 17:28:56
600,935,5,239,2025-01-23 05:30:30
73,422,5,95,2024-11-18 11:04:46
1,1122,3,215,2024-12-03 15:19:54
266,987,9,79,2024-07-31 13:52:41
378,889,10,204,2024-12-30 14:37:30
319,660,4,376,2025-02-04 16:14:24
340,231,7,316,2024-11-13 20:17:01
36,377,5,214,2024-11-07 16:00:23
243,426,10,208,2024-07-09 08:56:54
339,937,7,64,2024-07-28 08:56:40
362,909,10,143,2024-06-11 22:19:12
212,1094,6,143,2024-12-31 03:19:24
772,663,10,149,2025-02-16 14:16:36
750,600,8,305,2024-10-22 21:48:51
679,136,2,32,2024-08-04 05:31:30
114,106,9,177,2025-01-19 04:46:14
444,652,9,72,2024-05-27 20:48:56
142,15,8,310,2024-05-13 20:58:15
88,354,6,297,2024-06-19 13:31:46
131,742,1,334,2024-12-21 14:59:35
680,1208,7,159,2025-03-10 16:06:03
91,432,2,393,2024-07-28 21:24:48
599,1181,8,388,2024-09-19 20:18:23
291,786,5,86,2025-01-09 09:44:14
552,42,9,61,2025-03-22 15:13:03
77,1002,9,266,2024-07-14 02:58:14
29,1006,8,301,2024-05-09 01:43:49
66,306,5,192,2024-04-15 03:13:42
1,1110,8,115,2025-03-15 15:23:30
265,1130,8,125,2024-08-17 07:45:38
63,773,2,321,2024-10-16 12:41:58
607,972,8,72,2025-02-01 01:30:13
179,1251,6,373,2024-11-01 07:44:50
201,614,9,156,2025-03-04 19:52:10
150,1366,4,223,2025-02-13 14:16:52
248,467,5,189,2024-06-15 08:07:38
489,80,3,282,2024-04-05 03:18:51
702,1273,5,164,2025-03-13 18:29:05
782,1382,4,262,2024-10-24 23:06:58
484,477,4,163,2025-04-01 08:52:50
1,1104,4,234,2024-11-27 12:22:40
668,690,7,216,2025-01-06 15:37:50
651,863,7,109,2024-06-14 00:18:53
753,1130,8,125,2024-05-02 08:24:25
134,613,9,156,2025-02-08 21:18:54
254,674,2,232,2025-02-01 18:04:46
324,857,9,188,2024-09-22 19:11:28
77,998,4,320,2024-09-22 13:27:53
362,151,5,392,2024-06-08 02:49:04
218,306,5,192,2024-09-08 18:03:12
272,1013,4,375,2025-01-07 10:33:51
188,729,4,53,2024-08-09 22:37:21
60,935,5,239,2024-11-13 23:20:23
59,248,1,152,2024-10-25 23:05:48
630,258,9,202,2025-02-21 06:32:50
682,337,6,311,2024-07-16 09:29:45
336,592,1,324,2024-07-04 22:06:16
396,314,6,155,2025-02-23 07:15:42
251,1390,7,289,2024-12-10 08:48:34
519,810,3,119,2024-06-03 11:28:29
615,352,4,58,2024-12-24 02:18:49
487,145,10,118,2024-07-07 09:08:48
59,22,3,67,2024-07-27 21:30:44
427,211,10,50,2024-09-20 15:16:35
78,1261,7,182,2024-09-23 19:38:11
193,1373,6,23,2024-06-19 19:22:31
652,349,7,370,2024-08-21 23:47:07
65,71,8,394,2024-10-02 07:57:02
584,747,1,128,2025-03-01 11:30:18
164,1155,8,67,2025-01-14 03:43:47
309,354,6,297,2025-03-22 13:21:53
445,710,1,224,2024-05-03 15:09:18
416,983,10,100,2025-01-29 14:53:37
339,1174,5,102,2024-05-16 09:50:59
767,481,5,55,2025-02-04 09:31:13
575,1033,6,271,2025-03-22 18:47:47
314,904,2,239,2025-04-03 06:31:21
476,643,1,210,2025-02-17 07:40:02
339,196,5,371,2024-04-17 17:10:42
530,1216,5,47,2024-11-01 23:21:34
162,1138,9,189,2025-03-15 05:53:22
554,766,6,55,2024-05-29 11:43:17
340,523,8,97,2025-02-13 10:29:45
128,44,2,122,2024-05-06 08:11:13
279,1370,9,262,2024-04-30 18:05:36
43,477,4,163,2025-03-29 15:59:05
384,1164,7,391,2024-11-27 12:10:41
164,509,3,226,2024-11-09 19:19:44
766,17,8,105,2024-11-06 19:20:39
35,535,5,312,2024-07-01 11:01:46
211,220,5,224,2024-10-04 00:26:05
333,114,7,144,2024-10-11 10:43:25
464,364,6,76,2024-09-25 10:20:44
300,1483,4,123,2025-03-14 00:24:22
7,1004,9,266,2025-03-08 01:28:33
136,189,8,169,2024-09-24 13:23:59
717,852,1,2,2024-05-23 04:47:16
608,945,4,184,2024-06-25 23:42:15
43,1072,6,272,2024-10-30 18:24:26
213,835,8,322,2024-07-29 20:48:06
9,227,2,134,2025-03-05 16:42:32
421,1434,7,44,2024-11-30 03:11:29
457,792,1,139,2025-01-11 21:00:47
64,1009,10,315,2024-10-13 07:20:41
157,259,9,202,2024-08-21 07:06:47
107,274,2,244,2024-08-22 14:19:50
290,1112,2,320,2024-12-07 10:57:43
332,1085,6,187,2024-05-30 09:39:11
660,270,8,324,2024-12-18 06:52:22
616,731,1,235,2024-08-09 06:09:36
174,335,6,1,2025-03-03 18:31:48
604,1141,8,140,2024-12-25 23:51:54
314,716,6,350,2024-07-21 04:13:37
208,705,1,29,2025-02-03 20:20:48
310,835,8,322,2025-03-14 04:10:51
199,675,2,232,2024-10-08 00:51:26
373,1263,6,178,2025-02-21 12:45:38
75,99,1,242,2024-04-29 01:26:07
264,166,8,248,2024-06-03 22:54:48
157,633,8,228,2024-08-01 01:59:12
664,221,5,224,2024-10-04 11:29:06
51,114,7,144,2024-04-26 03:17:55
145,216,5,353,2024-06-01 14:51:27
371,1437,1,184,2025-01-04 13:50:08
346,741,1,334,2024-07-25 20:39:29
423,216,5,353,2024-08-23 15:48:06
679,1470,6,341,2024-06-22 12:22:51
322,243,10,246,2024-09-03 21:46:35
20,334,6,1,2025-02-05 01:52:30
153,1253,6,373,2024-06-10 12:27:15
94,82,4,292,2024-12-04 05:54:00
228,673,2,232,2024-10-02 10:39:36
731,934,9,117,2024-10-26 21:16:51
627,127,10,166,2024-12-07 20:35:18
135,627,5,254,2025-02-02 17:23:41
549,41,3,251,2024-11-05 21:30:29
91,250,1,152,2024-09-08 05:23:51
153,1467,3,328,2024-10-12 15:55:35
307,557,4,338,2024-11-26 08:25:12
299,913,10,191,2024-05-24 15:42:13
140,1042,9,299,2024-06-01 20:01:33
587,1200,2,389,2024-09-24 18:17:27
431,427,6,379,2024-04-22 02:31:38
48,679,6,202,2024-10-10 20:15:58
369,1073,9,170,2024-10-04 20:08:36
780,791,2,163,2024-04-24 10:40:14
342,1313,10,255,2024-09-05 19:41:31
714,1087,7,120,2024-04-28 21:20:28
100,825,4,399,2025-02-26 06:33:24
294,127,10,166,2024-06-16 18:35:33
322,303,2,353,2024-06-26 13:47:08
120,869,9,48,2024-12-12 14:49:10
661,326,7,346,2024-09-06 05:53:16
132,882,10,101,2024-06-09 00:23:45
476,1450,7,336,2024-04-11 01:47:57
61,353,6,297,2024-08-19 04:44:10
240,130,6,48,2024-07-13 03:20:32
198,572,1,270,2024-09-01 14:21:35
97,119,1,239,2024-10-19 02:06:46
286,1484,4,123,2025-01-01 21:37:09
626,1279,3,139,2024-07-20 05:49:01
358,715,1,7,2024-12-21 21:09:27
284,545,7,198,2025-02-11 05:15:00
138,719,5,266,2024-05-09 20:16:02
693,1320,8,384,2024-07-18 06:31:47
709,875,4,257,2025-01-31 08:08:29
502,475,5,144,2024-05-02 10:08:18
172,1309,1,262,2024-07-02 04:44:20
154,345,5,299,2025-01-26 20:21:33
270,1173,5,102,2024-12-26 03:55:37
613,1053,1,178,2025-01-11 18:14:45
250,1257,8,23,2025-03-21 22:10:22
167,1091,9,241,2024-05-03 05:29:11
74,992,1,320,2024-12-04 19:59:19
433,923,7,77,2024-06-10 14:53:46
449,1338,2,93,2025-03-01 03:14:27
15,874,4,257,2024-09-20 15:23:14
86,484,3,157,2025-04-01 15:02:19
310,1200,2,389,2024-04-10 14:48:14
344,507,10,355,2024-12-12 10:36:18
265,1464,6,176,2024-12-19 19:14:31
481,12,4,284,2024-08-16 22:11:29
629,1416,3,399,2025-01-09 17:04:35
737,1004,9,266,2024-11-18 21:23:08
624,653,9,72,2024-05-29 21:17:13
276,336,6,311,2025-03-20 20:59:31
317,27,1,105,2024-07-30 08:19:42
240,935,5,239,2024-10-26 00:29:08
158,1089,3,37,2024-07-20 17:25:37
674,296,5,328,2024-06-24 03:13:43
529,418,3,287,2024-09-20 22:14:03
130,229,2,134,2024-09-27 19:37:37
37,514,6,78,2025-04-03 04:56:45
617,1121,3,215,2024-11-05 16:05:31
230,925,7,330,2024-09-14 11:58:33
22,993,1,320,2024-08-02 22:24:36
393,1447,8,189,2024-11-18 14:52:56
767,7,5,250,2024-12-02 20:12:09
390,814,4,137,2024-06-08 07:47:22
444,531,10,222,2025-01-17 09:36:02
367,1089,3,37,2024-11-15 23:26:28
313,333,6,1,2024-11-27 18:24:18
552,113,7,144,2024-05-08 20:35:08
51,790,2,163,2024-12-13 23:41:49
51,1237,10,32,2024-09-18 16:36:41
193,425,10,208,2024-05-13 21:40:36
638,36,10,308,2024-05-15 02:18:35
385,20,8,194,2024-06-11 01:30:39
205,89,5,44,2024-07-18 09:47:20
798,1158,4,135,2024-07-29 13:20:34
499,1302,2,87,2024-07-02 19:17:14
350,1377,1,256,2024-09-29 14:41:35
783,734,7,1,2024-10-10 16:59:56
707,582,2,338,2024-04-16 04:28:58
100,1455,6,285,2024-05-03 17:00:28
158,829,3,192,2025-03-23 12:40:30
367,1423,6,389,2024-11-11 17:22:27
768,804,10,240,2024-06-18 07:52:00
784,1337,2,93,2024-08-11 07:19:22
320,382,8,280,2024-08-13 00:35:42
593,575,7,213,2025-01-04 02:39:31
41,21,3,67,2024-09-21 12:45:54
244,155,6,279,2024-07-24 04:21:14
1,1313,10,255,2024-07-01 02:49:16
361,578,7,312,2024-08-29 00:10:30
771,624,8,102,2024-08-28 06:39:23
212,739,5,100,2024-10-05 07:37:47
41,461,9,60,2024-05-13 19:02:59
114,1349,7,329,2025-02-17 05:33:34
463,976,7,85,2024-07-21 15:44:40
510,106,9,177,2024-06-12 09:45:24
9,152,5,392,2024-11-17 14:28:27
534,453,7,221,2024-06-24 19:06:09
335,490,4,101,2025-01-25 20:27:24
114,763,8,287,2024-12-08 04:45:52
288,1385,10,122,2024-04-23 16:45:56
247,312,5,339,2024-07-24 03:42:04
632,746,1,128,2024-09-02 23:53:22
325,230,7,316,2024-12-27 01:14:35
764,886,5,212,2024-06-02 19:04:44
180,1206,10,309,2024-12-17 04:20:10
574,1298,6,240,2025-01-29 22:50:00
426,899,5,32,2024-10-28 23:04:51
276,773,2,321,2024-04-08 15:22:14
138,75,6,32,2024-12-20 04:47:47
104,1183,4,99,2024-12-10 03:54:46
84,1194,9,399,2024-12-31 02:51:34
96,363,6,76,2025-03-01 17:53:38
110,953,5,391,2025-03-10 02:12:41
492,977,4,2,2024-12-31 06:16:43
53,1016,6,21,2024-08-17 11:25:23
116,773,2,321,2024-09-24 01:35:04
115,603,2,204,2024-10-10 04:08:25
382,551,8,81,2025-02-15 01:53:25
218,769,9,62,2024-07-24 08:23:02
264,840,10,41,2025-02-08 12:03:55
203,454,8,375,2024-08-25 22:18:02
303,762,8,287,2024-12-01 18:00:20
377,1456,6,285,2024-04-23 12:40:17
657,160,1,212,2025-01-16 10:59:07
213,975,7,85,2024-07-05 14:24:45
2,1430,4,169,2024-09-17 08:47:23
477,1330,6,348,2025-01-21 04:20:52
182,516,6,363,2024-09-20 08:45:27
149,418,3,287,2024-08-17 15:03:14
383,145,10,118,2024-05-31 22:23:20
428,463,9,60,2024-11-11 09:25:35
162,1460,9,77,2024-10-31 21:44:39
444,568,2,171,2024-06-15 03:36:39
456,355,3,161,2024-12-26 23:01:17
288,501,10,16,2024-12-24 13:35:20
258,414,2,25,2024-10-18 20:02:02
184,1076,6,264,2025-03-18 10:11:34
349,521,8,97,2024-12-13 07:20:41
243,1328,7,382,2024-05-15 07:18:20
462,893,7,258,2024-09-29 12:39:06
246,445,3,357,2024-10-14 10:58:33
337,1451,7,336,2024-07-14 00:59:32
60,580,9,41,2024-05-19 20:23:44
258,85,3,248,2024-09-13 03:16:39
475,290,8,184,2024-06-09 10:48:16
606,683,10,321,2024-06-18 14:30:56
19,172,8,32,2024-08-29 15:29:40
222,1255,8,382,2024-04-29 15:16:28
336,694,2,168,2024-11-10 15:42:05
185,440,10,5,2024-08-25 13:11:38
193,949,3,386,2024-04-12 04:05:42
305,490,4,101,2024-12-16 23:50:40
22,415,8,6,2025-02-06 16:30:23
217,330,7,92,2025-01-25 06:52:52
210,1004,9,266,2024-06-04 17:59:38
202,161,1,212,2024-10-15 12:50:10
539,1199,2,185,2024-08-28 07:56:16
213,299,10,254,2025-03-24 18:39:44
354,79,3,282,2025-01-11 08:23:12
171,58,1,176,2024-11-02 05:44:45
764,458,2,48,2024-04-19 00:12:16
290,610,5,41,2024-06-15 11:18:41
316,1114,9,196,2024-06-29 23:22:23
198,1343,3,337,2024-12-21 06:29:57
417,111,6,397,2024-05-24 11:47:05
290,957,2,271,2024-05-08 19:20:36
12,414,2,25,2025-01-21 06:51:02
427,742,1,334,2024-05-13 01:36:56
690,104,8,178,2024-12-18 11:41:54
247,95,9,125,2025-03-10 07:05:34
141,524,8,155,2024-08-12 04:04:59
164,542,10,385,2024-08-20 16:27:21
319,1307,4,14,2024-05-06 10:36:57
256,123,6,384,2025-03-22 19:52:54
227,1035,8,36,2025-03-11 03:35:14
126,305,5,192,2024-11-01 20:50:23
35,1396,1,249,2025-02-14 19:46:26
360,205,2,107,2024-07-15 05:03:39
559,837,6,27,2024-07-11 09:01:32
427,198,3,60,2024-06-13 09:35:58
686,287,1,16,2024-05-15 12:38:58
242,1188,2,186,2024-05-31 00:47:21
718,1336,2,93,2024-05-12 03:58:13
16,947,3,386,2025-02-18 05:15:36
655,30,3,104,2024-05-30 01:56:33
362,439,7,278,2024-07-30 07:25:23
313,964,5,28,2025-03-16 14:45:50
303,719,5,266,2025-01-09 19:36:46
121,443,4,288,2025-03-11 16:37:18
31,1440,2,108,2024-08-14 15:10:02
555,666,8,271,2024-09-11 14:57:07
17,277,2,14,2025-03-29 18:26:47
792,1095,6,143,2024-07-24 22:30:21
611,1196,10,202,2024-09-15 13:11:43
548,248,1,152,2024-10-20 10:26:49
538,872,6,115,2024-11-10 19:41:18
252,1453,2,159,2024-10-01 16:14:47
444,1281,9,284,2024-05-07 21:36:36
79,624,8,102,2024-07-31 19:08:54
373,1486,1,10,2024-12-19 12:38:35
137,65,5,364,2024-12-17 07:23:32
369,1451,7,336,2024-12-24 10:20:39
139,80,3,282,2024-07-31 15:13:41
171,26,3,212,2024-05-15 07:54:39
70,736,10,392,2024-06-26 07:09:35
272,238,10,299,2025-03-20 05:17:16
664,135,6,158,2024-04-18 06:13:02
402,90,7,98,2024-04-29 19:52:43
152,1149,6,330,2024-11-29 05:26:25
459,1158,4,135,2024-07-03 08:16:23
738,1284,1,147,2025-01-08 23:06:03
37,2,10,214,2024-07-29 09:19:32
16,1288,7,399,2024-08-18 11:51:28
81,652,9,72,2025-03-05 19:04:56
423,351,4,58,2024-08-07 03:47:31
360,173,2,56,2024-06-02 09:27:23
409,251,1,257,2024-07-30 09:14:20
343,1047,1,49,2025-02-21 09:50:42
500,619,10,27,2024-07-27 19:53:23
193,1282,9,284,2024-09-20 02:57:07
529,251,1,257,2025-02-28 20:55:36
300,734,7,1,2024-09-14 04:34:33
298,1012,4,375,2024-05-17 07:24:35
80,1090,3,37,2025-02-01 17:54:22
781,1411,8,377,2024-11-26 12:38:22
174,501,10,16,2024-08-14 06:49:50
563,91,7,98,2024-12-30 15:49:21
296,1218,7,100,2024-06-05 11:36:58
300,692,8,38,2024-07-21 21:45:40
203,1200,2,389,2024-11-10 15:49:48
513,313,6,155,2024-08-21 14:46:01
132,1041,9,299,2025-01-21 16:20:18
